group,subcategory,source_site,source_url,image_url,local_image_path,title,public_prompt_or_description,style_prompt_cn,style_prompt_en,likes,views,heat_score,license_note,download_status,notes
行业品类,服装,PromptBase,https://promptbase.com/prompt/retro-chenille-embroidery-patch-studios,https://assets.promptbase.com/Thumbnails%2FhKbxVk7KEzwBbExsrn7S%2Fresized%2F1782724981063n_500x500.webp,,Retro Chenille Embroidery Patch Studios,Retro Chenille Embroidery Patch Studios,,Retro Chenille Embroidery Patch Studios,,,,public preview URL only; prompt marketplace item license must be verified before commercial use,link_only,"PromptBase is a supplemental public prompt source, not one of the top-five community sources."
品牌商业,营销活动,PromptBase,https://promptbase.com/prompt/retro-summer-posters,https://assets.promptbase.com/Thumbnails%2FgqHDR3E2Fa819EiFKO8b%2Fresized%2F1781725055372s_500x500.webp,,Retro Summer Posters,Retro Summer Posters,,Retro Summer Posters,,,,public preview URL only; prompt marketplace item license must be verified before commercial use,link_only,"PromptBase is a supplemental public prompt source, not one of the top-five community sources."
品牌商业,营销活动,PromptBase,https://promptbase.com/prompt/retro-minimalist-travel-art-posters-2,https://assets.promptbase.com/Thumbnails%2FWeKxYBqGw4PIjkCw2MW8%2Fresized%2F1781768323612o_500x500.webp,,Retro Minimalist Travel Art Posters,Retro Minimalist Travel Art Posters,,Retro Minimalist Travel Art Posters,,,,public preview URL only; prompt marketplace item license must be verified before commercial use,link_only,"PromptBase is a supplemental public prompt source, not one of the top-five community sources."
其他分类,其他,PromptBase,https://promptbase.com/prompt/dreamy-contemporary-surreal-art-prints,https://assets.promptbase.com/Thumbnails%2Fv7pkPK4s0DX3AG5Jp2GN%2Fresized%2F1781463395404i_500x500.webp,,Dreamy Contemporary Surreal Art Prints,Dreamy Contemporary Surreal Art Prints,,Dreamy Contemporary Surreal Art Prints,,,,public preview URL only; prompt marketplace item license must be verified before commercial use,link_only,"PromptBase is a supplemental public prompt source, not one of the top-five community sources."
其他分类,其他,PromptBase,https://promptbase.com/prompt/distorted-cinematic-photos-of-carnivals,https://assets.promptbase.com/Thumbnails%2FYKaKRQzYgBjoIS0PhGI3%2Fresized%2F1781286730845a_500x500.webp,,Distorted Cinematic Photos,Distorted Cinematic Photos,,Distorted Cinematic Photos,,,,public preview URL only; prompt marketplace item license must be verified before commercial use,link_only,"PromptBase is a supplemental public prompt source, not one of the top-five community sources."
品牌商业,营销活动,PromptBase,https://promptbase.com/prompt/minimal-editorial-object-posters,https://assets.promptbase.com/Thumbnails%2FnQ8P8rx42Pn5cqd00aok%2Fresized%2F1781017570349_500x500.webp,,Minimal Editorial Object Posters,Minimal Editorial Object Posters,,Minimal Editorial Object Posters,,,,public preview URL only; prompt marketplace item license must be verified before commercial use,link_only,"PromptBase is a supplemental public prompt source, not one of the top-five community sources."
其他分类,其他,PromptBase,https://promptbase.com/prompt/cinematic-wideangle-photos-2,https://assets.promptbase.com/Thumbnails%2FLq1YMiyyRd4gGt7RI86P%2Fresized%2F1781009571352d_500x500.webp,,Cinematic Wideangle Photos,Cinematic Wideangle Photos,,Cinematic Wideangle Photos,,,,public preview URL only; prompt marketplace item license must be verified before commercial use,link_only,"PromptBase is a supplemental public prompt source, not one of the top-five community sources."
其他分类,其他,PromptBase,https://promptbase.com/prompt/pencil-drawings-sketching-lives,https://assets.promptbase.com/Thumbnails%2FOFcORNvxWfMigPPxwNmx%2Fresized%2F1756553380636h_500x500.webp,,Coloring Pages For Adults,Coloring Pages For Adults,,Coloring Pages For Adults,,,,public preview URL only; prompt marketplace item license must be verified before commercial use,link_only,"PromptBase is a supplemental public prompt source, not one of the top-five community sources."
其他分类,其他,PromptBase,https://promptbase.com/prompt/ultrarealistic-floating-bottles,https://assets.promptbase.com/Thumbnails%2FOWGt84JIwHvq3BJXvoz3%2Fresized%2F1752074121286z_500x500.webp,,Ultrarealistic Floating Bottles,Ultrarealistic Floating Bottles,,Ultrarealistic Floating Bottles,,,,public preview URL only; prompt marketplace item license must be verified before commercial use,link_only,"PromptBase is a supplemental public prompt source, not one of the top-five community sources."
其他分类,其他,PromptBase,https://promptbase.com/prompt/free-midnight-reveries,https://assets.promptbase.com/Thumbnails%2FGwfQeXzRtqCzeca1nT31%2Fresized%2F1757676160946h_500x500.webp,,Free Midnight Reveries,Free Midnight Reveries,,Free Midnight Reveries,,,,public preview URL only; prompt marketplace item license must be verified before commercial use,link_only,"PromptBase is a supplemental public prompt source, not one of the top-five community sources."
其他分类,其他,PromptBase,https://promptbase.com/prompt/cinematic-lifestyle-portrait-photos-2,https://assets.promptbase.com/Thumbnails%2FkAPZbQIGNAcQVJa5gafp%2Fresized%2F1769535199364c_500x500.webp,,Cinematic Lifestyle Portrait Photos,Cinematic Lifestyle Portrait Photos,,Cinematic Lifestyle Portrait Photos,,,,public preview URL only; prompt marketplace item license must be verified before commercial use,link_only,"PromptBase is a supplemental public prompt source, not one of the top-five community sources."
行业品类,服装,PromptBase,https://promptbase.com/prompt/oversized-tshirt-and-hoodie-mockups-2,https://assets.promptbase.com/Thumbnails%2FNaX4ONudVicXauUoxcZh%2Fresized%2F1777739625417_500x500.webp,,Oversized Tshirt And Hoodie Mockups,Oversized Tshirt And Hoodie Mockups,,Oversized Tshirt And Hoodie Mockups,,,,public preview URL only; prompt marketplace item license must be verified before commercial use,link_only,"PromptBase is a supplemental public prompt source, not one of the top-five community sources."
其他分类,其他,PromptBase,https://promptbase.com/prompt/kinetic-art-nouveau-artworks-2,https://assets.promptbase.com/DALLE_IMAGES%2FlLlawp7sYHOc3xML1JtYoJ6AoSy1%2Fresized%2F1725316673075_500x500.webp,,Kinetic Art Nouveau Artworks,Kinetic Art Nouveau Artworks,,Kinetic Art Nouveau Artworks,,,,public preview URL only; prompt marketplace item license must be verified before commercial use,link_only,"PromptBase is a supplemental public prompt source, not one of the top-five community sources."
品牌商业,营销活动,PromptBase,https://promptbase.com/prompt/summer-travel-influencer-instagram-photos,https://assets.promptbase.com/Thumbnails%2Fy5tdy7VKsXXVwD18gJzU%2Fresized%2F1777922112999q_500x500.webp,,Summer Travel Influencer Instagram Photos,Summer Travel Influencer Instagram Photos,,Summer Travel Influencer Instagram Photos,,,,public preview URL only; prompt marketplace item license must be verified before commercial use,link_only,"PromptBase is a supplemental public prompt source, not one of the top-five community sources."
其他分类,其他,PromptBase,https://promptbase.com/prompt/create-visually-engaging-handdrawns,https://assets.promptbase.com/Thumbnails%2Fllko7NAGoP40lgrc1if6%2Fresized%2F1782723228134_500x500.webp,,Create Visually Engaging Handdrawns,Create Visually Engaging Handdrawns,,Create Visually Engaging Handdrawns,,,,public preview URL only; prompt marketplace item license must be verified before commercial use,link_only,"PromptBase is a supplemental public prompt source, not one of the top-five community sources."
人物角色,AI角色设,PromptBase,https://promptbase.com/prompt/cute-minimalist-line-art-characters,https://assets.promptbase.com/Thumbnails%2FylxpDmrgmmnMbFxMgM9R%2Fresized%2F1782754410509u_500x500.webp,,Cute Minimalist Line Art Characters,Cute Minimalist Line Art Characters,,Cute Minimalist Line Art Characters,,,,public preview URL only; prompt marketplace item license must be verified before commercial use,link_only,"PromptBase is a supplemental public prompt source, not one of the top-five community sources."
行业品类,美食饮品,PromptBase,https://promptbase.com/prompt/professional-culinary-recipe-infographics-3,https://assets.promptbase.com/Thumbnails%2FVizttQaFI8iWWiCYg5lH%2Fresized%2F1782683373730_500x500.webp,,Professional Culinary Recipe Infographics,Professional Culinary Recipe Infographics,,Professional Culinary Recipe Infographics,,,,public preview URL only; prompt marketplace item license must be verified before commercial use,link_only,"PromptBase is a supplemental public prompt source, not one of the top-five community sources."
人物角色,AI角色设,PromptBase,https://promptbase.com/prompt/storybook-vintage-animal-cliparts,https://assets.promptbase.com/Thumbnails%2FLQDq3tnw5LCdYGmF0Xq7%2Fresized%2F1782581835186z_500x500.webp,,Storybook Vintage Animal Cliparts,Storybook Vintage Animal Cliparts,,Storybook Vintage Animal Cliparts,,,,public preview URL only; prompt marketplace item license must be verified before commercial use,link_only,"PromptBase is a supplemental public prompt source, not one of the top-five community sources."
行业品类,教育,PromptBase,https://promptbase.com/prompt/bold-red-editorial-infographics,https://assets.promptbase.com/Thumbnails%2FPxyjDnYI4fTl10grhKNJ%2Fresized%2F1782732366448h_500x500.webp,,Bold Red Editorial Infographics,Bold Red Editorial Infographics,,Bold Red Editorial Infographics,,,,public preview URL only; prompt marketplace item license must be verified before commercial use,link_only,"PromptBase is a supplemental public prompt source, not one of the top-five community sources."
品牌商业,营销活动,PromptBase,https://promptbase.com/prompt/summer-kids-doodle-collage-posters,https://assets.promptbase.com/Thumbnails%2FCrKL2F5uxQ2t2h4OjZ93%2Fresized%2F1782672078319v_500x500.webp,,Summer Kids Doodle Collage Posters,Summer Kids Doodle Collage Posters,,Summer Kids Doodle Collage Posters,,,,public preview URL only; prompt marketplace item license must be verified before commercial use,link_only,"PromptBase is a supplemental public prompt source, not one of the top-five community sources."
图形技法,铅笔线描,PromptBase,https://promptbase.com/prompt/doodle-story-collage-generator-2,https://assets.promptbase.com/Thumbnails%2F85sKiv3hxIYdM9ExYfXy%2Fresized%2F1782641029791y_500x500.webp,,Doodle Story Collage Generator,Doodle Story Collage Generator,,Doodle Story Collage Generator,,,,public preview URL only; prompt marketplace item license must be verified before commercial use,link_only,"PromptBase is a supplemental public prompt source, not one of the top-five community sources."
行业品类,教育,PromptBase,https://promptbase.com/prompt/editorial-sketchnote-infographic-packs,https://assets.promptbase.com/Thumbnails%2FaZ5K03QKNxPB2e8RUtB0%2Fresized%2F1782705977584b_500x500.webp,,Editorial Sketchnote Infographic Packs,Editorial Sketchnote Infographic Packs,,Editorial Sketchnote Infographic Packs,,,,public preview URL only; prompt marketplace item license must be verified before commercial use,link_only,"PromptBase is a supplemental public prompt source, not one of the top-five community sources."
行业品类,教育,PromptBase,https://promptbase.com/prompt/handdrawn-sketchnote-learning-posters-2,https://assets.promptbase.com/Thumbnails%2FouASP220jLRalxo5Odkn%2Fresized%2F1782706711572p_500x500.webp,,Handdrawn Sketchnote Learning Posters,Handdrawn Sketchnote Learning Posters,,Handdrawn Sketchnote Learning Posters,,,,public preview URL only; prompt marketplace item license must be verified before commercial use,link_only,"PromptBase is a supplemental public prompt source, not one of the top-five community sources."
图形技法,铅笔线描,PromptBase,https://promptbase.com/prompt/hand-drawn-doodle-sketchnotes,https://assets.promptbase.com/Thumbnails%2FTmsXtCihkChKCCh51kuP%2Fresized%2F1782655691741p_500x500.webp,,Hand Drawn Doodle Sketchnotes,Hand Drawn Doodle Sketchnotes,,Hand Drawn Doodle Sketchnotes,,,,public preview URL only; prompt marketplace item license must be verified before commercial use,link_only,"PromptBase is a supplemental public prompt source, not one of the top-five community sources."
品牌商业,营销活动,PromptBase,https://promptbase.com/prompt/usa-iconic-bridges-timeline-posters,https://assets.promptbase.com/Thumbnails%2F8QZU5r9B7RnPDhAvDRnd%2Fresized%2F1782688364727f_500x500.webp,,Usa Iconic Bridges Timeline Posters,Usa Iconic Bridges Timeline Posters,,Usa Iconic Bridges Timeline Posters,,,,public preview URL only; prompt marketplace item license must be verified before commercial use,link_only,"PromptBase is a supplemental public prompt source, not one of the top-five community sources."
行业品类,教育,PromptBase,https://promptbase.com/prompt/cute-whiteboard-learning-posters,https://assets.promptbase.com/Thumbnails%2FSpAjuSP4zbT4MU3TYaz9%2Fresized%2F1782671780185y_500x500.webp,,Cute Whiteboard Learning Posters,Cute Whiteboard Learning Posters,,Cute Whiteboard Learning Posters,,,,public preview URL only; prompt marketplace item license must be verified before commercial use,link_only,"PromptBase is a supplemental public prompt source, not one of the top-five community sources."
行业品类,美食饮品,PromptBase,https://promptbase.com/prompt/professional-recipe-infographic-makers-10,https://assets.promptbase.com/Thumbnails%2FspJeObaetBS5TMKQzVTE%2Fresized%2F1782641733078_500x500.webp,,Professional Recipe Infographic Makers,Professional Recipe Infographic Makers,,Professional Recipe Infographic Makers,,,,public preview URL only; prompt marketplace item license must be verified before commercial use,link_only,"PromptBase is a supplemental public prompt source, not one of the top-five community sources."
行业品类,服装,PromptBase,https://promptbase.com/prompt/vintage-occult-zodiac-sign-tshirts,https://assets.promptbase.com/Thumbnails%2Fp7DtibC9xPBE6Z7sqqqC%2Fresized%2F1782593843412f_500x500.webp,,Vintage Occult Zodiac Sign Tshirts,Vintage Occult Zodiac Sign Tshirts,,Vintage Occult Zodiac Sign Tshirts,,,,public preview URL only; prompt marketplace item license must be verified before commercial use,link_only,"PromptBase is a supplemental public prompt source, not one of the top-five community sources."
行业品类,教育,PromptBase,https://promptbase.com/prompt/creative-whiteboard-learning-guides,https://assets.promptbase.com/Thumbnails%2FYQ4PfaJtlWobJx8ZGgGE%2Fresized%2F1782658858933z_500x500.webp,,Creative Whiteboard Learning Guides,Creative Whiteboard Learning Guides,,Creative Whiteboard Learning Guides,,,,public preview URL only; prompt marketplace item license must be verified before commercial use,link_only,"PromptBase is a supplemental public prompt source, not one of the top-five community sources."
行业品类,教育,PromptBase,https://promptbase.com/prompt/iconic-tv-series-infographic-posters,https://assets.promptbase.com/Thumbnails%2FWYqFqL7Qkg16On21UNpX%2Fresized%2F1780512667734t_500x500.webp,,Iconic Tv Series Infographic Posters,Iconic Tv Series Infographic Posters,,Iconic Tv Series Infographic Posters,,,,public preview URL only; prompt marketplace item license must be verified before commercial use,link_only,"PromptBase is a supplemental public prompt source, not one of the top-five community sources."
人物角色,AI角色设,PromptBase,https://promptbase.com/prompt/playful-childrens-storybook-illustrations,https://assets.promptbase.com/Thumbnails%2FhYBUlNLgOHbwagGa977U%2Fresized%2F1780941335278d_500x500.webp,,Playful Childrens Storybook Illustrations,Playful Childrens Storybook Illustrations,,Playful Childrens Storybook Illustrations,,,,public preview URL only; prompt marketplace item license must be verified before commercial use,link_only,"PromptBase is a supplemental public prompt source, not one of the top-five community sources."
品牌商业,营销活动,PromptBase,https://promptbase.com/prompt/retro-mediterranean-folk-art-posters,https://assets.promptbase.com/Thumbnails%2FxxVsQ6e2nNMyeijsTi3I%2Fresized%2F1778789075491_500x500.webp,,Retro Mediterranean Folk Art Posters,Retro Mediterranean Folk Art Posters,,Retro Mediterranean Folk Art Posters,,,,public preview URL only; prompt marketplace item license must be verified before commercial use,link_only,"PromptBase is a supplemental public prompt source, not one of the top-five community sources."
其他分类,其他,PromptBase,https://promptbase.com/prompt/summer-cottagecore-junk-journal-pages,https://assets.promptbase.com/Thumbnails%2FIQLUFtLG1ShDT36z1QUl%2Fresized%2F1780344205325k_500x500.webp,,Summer Cottagecore Junk Journal Pages,Summer Cottagecore Junk Journal Pages,,Summer Cottagecore Junk Journal Pages,,,,public preview URL only; prompt marketplace item license must be verified before commercial use,link_only,"PromptBase is a supplemental public prompt source, not one of the top-five community sources."
其他分类,其他,PromptBase,https://promptbase.com/prompt/ultrarealistic-cinematic-movie-stills,https://assets.promptbase.com/Thumbnails%2Fk8lMlSwNEyNJ9qYMdbKb%2Fresized%2F1780562885138_500x500.webp,,Ultrarealistic Cinematic Movie Stills,Ultrarealistic Cinematic Movie Stills,,Ultrarealistic Cinematic Movie Stills,,,,public preview URL only; prompt marketplace item license must be verified before commercial use,link_only,"PromptBase is a supplemental public prompt source, not one of the top-five community sources."
其他分类,其他,PromptBase,https://promptbase.com/prompt/awkward-70s-glamour-portraits,https://assets.promptbase.com/Thumbnails%2FqSU2f14PtXOy2hAifd4b%2Fresized%2F1779902798955c_500x500.webp,,Awkward 70s Glamour Portraits,Awkward 70s Glamour Portraits,,Awkward 70s Glamour Portraits,,,,public preview URL only; prompt marketplace item license must be verified before commercial use,link_only,"PromptBase is a supplemental public prompt source, not one of the top-five community sources."
人物角色,AI角色设,PromptBase,https://promptbase.com/prompt/summer-daisy-character-junk-journal-pages,https://assets.promptbase.com/Thumbnails%2FxOcYRb1CdyMh4XQZInox%2Fresized%2F1781547943090x_500x500.webp,,Summer Daisy Character Junk Journal Pages,Summer Daisy Character Junk Journal Pages,,Summer Daisy Character Junk Journal Pages,,,,public preview URL only; prompt marketplace item license must be verified before commercial use,link_only,"PromptBase is a supplemental public prompt source, not one of the top-five community sources."
品牌商业,营销活动,PromptBase,https://promptbase.com/prompt/glitch-royalty-brutalist-posters-2,https://assets.promptbase.com/Thumbnails%2FrEGkv5FhR0Pym3OMBeei%2Fresized%2F1778309125978k_500x500.webp,,Glitch Royalty Brutalist Posters,Glitch Royalty Brutalist Posters,,Glitch Royalty Brutalist Posters,,,,public preview URL only; prompt marketplace item license must be verified before commercial use,link_only,"PromptBase is a supplemental public prompt source, not one of the top-five community sources."
其他分类,其他,PromptBase,https://promptbase.com/prompt/fantasy-summer-symphony-junk-journals,https://assets.promptbase.com/Thumbnails%2FwUAjXSvilG4tKDEmF3ZE%2Fresized%2F1782498581404h_500x500.webp,,Fantasy Summer Symphony Junk Journals,Fantasy Summer Symphony Junk Journals,,Fantasy Summer Symphony Junk Journals,,,,public preview URL only; prompt marketplace item license must be verified before commercial use,link_only,"PromptBase is a supplemental public prompt source, not one of the top-five community sources."
其他分类,其他,PromptBase,https://promptbase.com/prompt/cozy-christmas-junk-journal-ephemera,https://assets.promptbase.com/Thumbnails%2Fb50kKHoL2pcNxy2UrIBB%2Fresized%2F1781895362750k_500x500.webp,,Cozy Christmas Junk Journal Ephemera,Cozy Christmas Junk Journal Ephemera,,Cozy Christmas Junk Journal Ephemera,,,,public preview URL only; prompt marketplace item license must be verified before commercial use,link_only,"PromptBase is a supplemental public prompt source, not one of the top-five community sources."
其他分类,其他,PromptBase,https://promptbase.com/prompt/french-cottage-peony-junk-journal-pages,https://assets.promptbase.com/Thumbnails%2Fn2jyxKg0fj798Gh9UHFy%2Fresized%2F1780598223724b_500x500.webp,,French Cottage Peony Junk Journal Pages,French Cottage Peony Junk Journal Pages,,French Cottage Peony Junk Journal Pages,,,,public preview URL only; prompt marketplace item license must be verified before commercial use,link_only,"PromptBase is a supplemental public prompt source, not one of the top-five community sources."
其他分类,其他,PromptBase,https://promptbase.com/prompt/body-reshaping,https://assets.promptbase.com/Thumbnails%2FWB121XQ82xKZesf222V7%2Fresized%2F1780183597357_500x500.webp,,Body Reshaping,Body Reshaping,,Body Reshaping,,,,public preview URL only; prompt marketplace item license must be verified before commercial use,link_only,"PromptBase is a supplemental public prompt source, not one of the top-five community sources."
其他分类,其他,PromptBase,https://promptbase.com/prompt/cinematic-couple-portraits-pro-2,https://assets.promptbase.com/Thumbnails%2FLjo8w0GHSGEYcpNsTbpz%2Fresized%2F1781540044354_500x500.webp,,Cinematic Couple Portraits Pro,Cinematic Couple Portraits Pro,,Cinematic Couple Portraits Pro,,,,public preview URL only; prompt marketplace item license must be verified before commercial use,link_only,"PromptBase is a supplemental public prompt source, not one of the top-five community sources."
其他分类,其他,PromptBase,https://promptbase.com/prompt/vector-tshirt-designs-2,https://assets.promptbase.com/DALLE_IMAGES%2FxEiEXlReguavXl77rgXCELjTazu2%2Fresized%2F1703943903404_500x500.webp,,Vector Silhouette T-shirt Designs,Vector Silhouette T-shirt Designs,,Vector Silhouette T-shirt Designs,,,,public preview URL only; prompt marketplace item license must be verified before commercial use,link_only,"PromptBase is a supplemental public prompt source, not one of the top-five community sources."
行业品类,服装,PromptBase,https://promptbase.com/prompt/fashionable-t-shirt-designs,https://assets.promptbase.com/Thumbnails%2F8TJtTh09xI1PV8VZl6Qi%2Fresized%2F1743810053847g_500x500.webp,,Fashionable Tshirt Designs,Fashionable Tshirt Designs,,Fashionable Tshirt Designs,,,,public preview URL only; prompt marketplace item license must be verified before commercial use,link_only,"PromptBase is a supplemental public prompt source, not one of the top-five community sources."
其他分类,其他,PromptBase,https://promptbase.com/prompt/fantasy-inspired-tarot-cards,https://assets.promptbase.com/Thumbnails%2Fhv9zIe4YhGrBgsoJlnPm%2Fresized%2F1743816943314m_500x500.webp,,Fantasyinspired Major Arcana Tarot Card,Fantasyinspired Major Arcana Tarot Card,,Fantasyinspired Major Arcana Tarot Card,,,,public preview URL only; prompt marketplace item license must be verified before commercial use,link_only,"PromptBase is a supplemental public prompt source, not one of the top-five community sources."
其他分类,其他,PromptBase,https://promptbase.com/prompt/cute-pastel-vectors-for-kids,https://assets.promptbase.com/DALLE_IMAGES%2FHayawxMYEGfZYtUO5XLvAvElejs1%2Fresized%2F1681679195591_500x500.webp,,Minimal Pastel Vectors For Kids,Minimal Pastel Vectors For Kids,,Minimal Pastel Vectors For Kids,,,,public preview URL only; prompt marketplace item license must be verified before commercial use,link_only,"PromptBase is a supplemental public prompt source, not one of the top-five community sources."
其他分类,其他,PromptBase,https://promptbase.com/prompt/new-fakemon-and-pokemon-designs,https://assets.promptbase.com/Thumbnails%2F8i2jBNdpLLHixvwks4CJ%2Fresized%2F1743042644219m_500x500.webp,,New Fakemon And Pokemon Designs,New Fakemon And Pokemon Designs,,New Fakemon And Pokemon Designs,,,,public preview URL only; prompt marketplace item license must be verified before commercial use,link_only,"PromptBase is a supplemental public prompt source, not one of the top-five community sources."
其他分类,其他,PromptBase,https://promptbase.com/prompt/celebrity-caricatures,https://assets.promptbase.com/Thumbnails%2FhuuXdBKn7NgIU5BtllkR%2Fresized%2F1743816982871l_500x500.webp,,Celebrity Caricatures,Celebrity Caricatures,,Celebrity Caricatures,,,,public preview URL only; prompt marketplace item license must be verified before commercial use,link_only,"PromptBase is a supplemental public prompt source, not one of the top-five community sources."
其他分类,其他,PromptBase,https://promptbase.com/prompt/comic-book-panels-and-pages,https://assets.promptbase.com/DALLE_IMAGES%2FCOyYUQNQVVUjE5LmEffybusWRgA2%2Fresized%2F1710361480155_500x500.webp,,Comic Book Panels And Pages,Comic Book Panels And Pages,,Comic Book Panels And Pages,,,,public preview URL only; prompt marketplace item license must be verified before commercial use,link_only,"PromptBase is a supplemental public prompt source, not one of the top-five community sources."
人物角色,AI角色设,PromptBase,https://promptbase.com/prompt/retro-anime-characters,https://assets.promptbase.com/Thumbnails%2FKLL1TgK1A1DdG4B1Stza%2Fresized%2F1743833060346x_500x500.webp,,Retro Anime Characters,Retro Anime Characters,,Retro Anime Characters,,,,public preview URL only; prompt marketplace item license must be verified before commercial use,link_only,"PromptBase is a supplemental public prompt source, not one of the top-five community sources."
风格美术,Vintage复古,PromptBase,https://promptbase.com/prompt/painterly-retro-illustrations-minimalists,https://assets.promptbase.com/DALLE_IMAGES%2FDrlAY7QxLpebJSSUEITDK2YKu8D3%2Fresized%2F1691187828159_500x500.webp,,Painterly Retro Illustrations Minimalists,Painterly Retro Illustrations Minimalists,,Painterly Retro Illustrations Minimalists,,,,public preview URL only; prompt marketplace item license must be verified before commercial use,link_only,"PromptBase is a supplemental public prompt source, not one of the top-five community sources."
品牌商业,营销活动,PromptBase,https://promptbase.com/prompt/three-tone-abstract-posters,https://assets.promptbase.com/DALLE_IMAGES%2FHayawxMYEGfZYtUO5XLvAvElejs1%2Fresized%2F1680039282515_500x500.webp,,Three Tone Abstract Posters,Three Tone Abstract Posters,,Three Tone Abstract Posters,,,,public preview URL only; prompt marketplace item license must be verified before commercial use,link_only,"PromptBase is a supplemental public prompt source, not one of the top-five community sources."
其他分类,其他,PromptBase,https://promptbase.com/prompt/monochromatic-studio-portrait-photos-2,https://assets.promptbase.com/Thumbnails%2F46eShR0SLLY72h5uzDr6%2Fresized%2F1756974589048k_500x500.webp,,Monochromatic Studio Portrait Photos,Monochromatic Studio Portrait Photos,,Monochromatic Studio Portrait Photos,,,,public preview URL only; prompt marketplace item license must be verified before commercial use,link_only,"PromptBase is a supplemental public prompt source, not one of the top-five community sources."
人物角色,AI角色设,PromptBase,https://promptbase.com/prompt/dnd-pc-character-art-illustrations,https://assets.promptbase.com/DALLE_IMAGES%2FRYgWvdHg5dkzXBJvKqXL%2Fresized%2F1692723311241_500x500.webp,,DnD Pc Character Art Illustrations,DnD Pc Character Art Illustrations,,DnD Pc Character Art Illustrations,,,,public preview URL only; prompt marketplace item license must be verified before commercial use,link_only,"PromptBase is a supplemental public prompt source, not one of the top-five community sources."
其他分类,其他,PromptBase,https://promptbase.com/prompt/realistic-phone-selfies-for-social-media,https://assets.promptbase.com/DALLE_IMAGES%2Fk54G0HZpxFcZ5wuzpZO51jJMZ3A3%2Fresized%2F1704046037097_500x500.webp,,Realistic Phone Selfies For Social Media,Realistic Phone Selfies For Social Media,,Realistic Phone Selfies For Social Media,,,,public preview URL only; prompt marketplace item license must be verified before commercial use,link_only,"PromptBase is a supplemental public prompt source, not one of the top-five community sources."
其他分类,其他,PromptBase,https://promptbase.com/prompt/moodboards-for-any-kind-of-brand,https://assets.promptbase.com/DALLE_IMAGES%2FT2EWTAY44LOXYGVWJfSkStrDyIn1%2Fresized%2F1682751700757_500x500.webp,,Moodboards For Any Kind Of Brand,Moodboards For Any Kind Of Brand,,Moodboards For Any Kind Of Brand,,,,public preview URL only; prompt marketplace item license must be verified before commercial use,link_only,"PromptBase is a supplemental public prompt source, not one of the top-five community sources."
品牌商业,营销活动,PromptBase,https://promptbase.com/prompt/fun-travel-maps-with-text,https://assets.promptbase.com/DALLE_IMAGES%2FHayawxMYEGfZYtUO5XLvAvElejs1%2Fresized%2F1703530793711_500x500.webp,,Fun Travel Maps With Text Titles,Fun Travel Maps With Text Titles,,Fun Travel Maps With Text Titles,,,,public preview URL only; prompt marketplace item license must be verified before commercial use,link_only,"PromptBase is a supplemental public prompt source, not one of the top-five community sources."
其他分类,其他,PromptBase,https://promptbase.com/prompt/2d-isometric-pixel-art-game-sprites,https://assets.promptbase.com/DALLE_IMAGES%2FHayawxMYEGfZYtUO5XLvAvElejs1%2Fresized%2F1703195945980_500x500.webp,,2D Isometric Pixel Art Game Sprites,2D Isometric Pixel Art Game Sprites,,2D Isometric Pixel Art Game Sprites,,,,public preview URL only; prompt marketplace item license must be verified before commercial use,link_only,"PromptBase is a supplemental public prompt source, not one of the top-five community sources."
其他分类,其他,PromptBase,https://promptbase.com/prompt/asian-art-t-shirt-designs,https://assets.promptbase.com/DALLE_IMAGES%2FHayawxMYEGfZYtUO5XLvAvElejs1%2Fresized%2F1680686090910_500x500.webp,,Asian Art T-shirt Designs,Asian Art T-shirt Designs,,Asian Art T-shirt Designs,,,,public preview URL only; prompt marketplace item license must be verified before commercial use,link_only,"PromptBase is a supplemental public prompt source, not one of the top-five community sources."
其他分类,其他,PromptBase,https://promptbase.com/prompt/tabletop-game-terrain-maps-dnds,https://assets.promptbase.com/DALLE_IMAGES%2FKsAVBIkpTcKM9WmIfdKy%2Fresized%2F1693079610387_500x500.webp,,Tabletop Game Terrain Maps DnDs,Tabletop Game Terrain Maps DnDs,,Tabletop Game Terrain Maps DnDs,,,,public preview URL only; prompt marketplace item license must be verified before commercial use,link_only,"PromptBase is a supplemental public prompt source, not one of the top-five community sources."
品牌商业,营销活动,PromptBase,https://promptbase.com/prompt/dreamscape-surreal-posters,https://assets.promptbase.com/DALLE_IMAGES%2FHayawxMYEGfZYtUO5XLvAvElejs1%2Fresized%2F1685487813785_500x500.webp,,Dreamlike Surreal Posters,Dreamlike Surreal Posters,,Dreamlike Surreal Posters,,,,public preview URL only; prompt marketplace item license must be verified before commercial use,link_only,"PromptBase is a supplemental public prompt source, not one of the top-five community sources."
品牌商业,营销活动,PromptBase,https://promptbase.com/prompt/pastel-travel-postage-stamps,https://assets.promptbase.com/DALLE_IMAGES%2FHayawxMYEGfZYtUO5XLvAvElejs1%2Fresized%2F1707344228489_500x500.webp,,Pastel Travel Postage Stamps,Pastel Travel Postage Stamps,,Pastel Travel Postage Stamps,,,,public preview URL only; prompt marketplace item license must be verified before commercial use,link_only,"PromptBase is a supplemental public prompt source, not one of the top-five community sources."
